DELETE FROM `smart_scripts` WHERE `entryorguid`=44548 AND `source_type`=0 AND `id`=5 AND `link`=0;
INSERT INTO `smart_scripts` (`entryorguid`, `source_type`, `id`, `link`, `event_type`, `event_phase_mask`, `event_chance`, `event_flags`, `event_param1`, `event_param2`, `event_param3`, `event_param4`, `action_type`, `action_param1`, `action_param2`, `action_param3`, `action_param4`, `action_param5`, `action_param6`, `target_type`, `target_param1`, `target_param2`, `target_param3`, `target_x`, `target_y`, `target_z`, `target_o`, `comment`) VALUES (44548, 0, 5, 0, 8, 0, 100, 0, 589, 0, 0, 0, 33, 44175, 0, 0, 0, 0, 0, 7, 0, 0, 0, 0, 0, 0, 0, 'Training Dummy - On spell hit - Credit kill');
DELETE FROM `smart_scripts` WHERE `entryorguid`=44548 AND `source_type`=0 AND `id`=0 AND `link`=0;
INSERT INTO `smart_scripts` (`entryorguid`, `source_type`, `id`, `link`, `event_type`, `event_phase_mask`, `event_chance`, `event_flags`, `event_param1`, `event_param2`, `event_param3`, `event_param4`, `action_type`, `action_param1`, `action_param2`, `action_param3`, `action_param4`, `action_param5`, `action_param6`, `target_type`, `target_param1`, `target_param2`, `target_param3`, `target_x`, `target_y`, `target_z`, `target_o`, `comment`) VALUES (44548, 0, 0, 0, 8, 0, 100, 0, 122, 0, 0, 0, 33, 44175, 0, 0, 0, 0, 0, 7, 0, 0, 0, 0, 0, 0, 0, 'Training Dummy - On spell hit - Credit kill');
DELETE FROM `smart_scripts` WHERE `entryorguid`=44548 AND `source_type`=0 AND `id`=1 AND `link`=0;
INSERT INTO `smart_scripts` (`entryorguid`, `source_type`, `id`, `link`, `event_type`, `event_phase_mask`, `event_chance`, `event_flags`, `event_param1`, `event_param2`, `event_param3`, `event_param4`, `action_type`, `action_param1`, `action_param2`, `action_param3`, `action_param4`, `action_param5`, `action_param6`, `target_type`, `target_param1`, `target_param2`, `target_param3`, `target_x`, `target_y`, `target_z`, `target_o`, `comment`) VALUES (44548, 0, 1, 0, 8, 0, 100, 0, 100, 0, 0, 0, 33, 44175, 0, 0, 0, 0, 0, 7, 0, 0, 0, 0, 0, 0, 0, 'Training Dummy - On spell hit - Credit kill');
DELETE FROM `smart_scripts` WHERE `entryorguid`=44548 AND `source_type`=0 AND `id`=2 AND `link`=0;
INSERT INTO `smart_scripts` (`entryorguid`, `source_type`, `id`, `link`, `event_type`, `event_phase_mask`, `event_chance`, `event_flags`, `event_param1`, `event_param2`, `event_param3`, `event_param4`, `action_type`, `action_param1`, `action_param2`, `action_param3`, `action_param4`, `action_param5`, `action_param6`, `target_type`, `target_param1`, `target_param2`, `target_param3`, `target_x`, `target_y`, `target_z`, `target_o`, `comment`) VALUES (44548, 0, 2, 0, 8, 0, 100, 0, 2098, 0, 0, 0, 33, 44175, 0, 0, 0, 0, 0, 7, 0, 0, 0, 0, 0, 0, 0, 'Training Dummy - On spell hit - Credit kill');
DELETE FROM `smart_scripts` WHERE `entryorguid`=44548 AND `source_type`=0 AND `id`=3 AND `link`=0;
INSERT INTO `smart_scripts` (`entryorguid`, `source_type`, `id`, `link`, `event_type`, `event_phase_mask`, `event_chance`, `event_flags`, `event_param1`, `event_param2`, `event_param3`, `event_param4`, `action_type`, `action_param1`, `action_param2`, `action_param3`, `action_param4`, `action_param5`, `action_param6`, `target_type`, `target_param1`, `target_param2`, `target_param3`, `target_x`, `target_y`, `target_z`, `target_o`, `comment`) VALUES (44548, 0, 3, 0, 8, 0, 100, 0, 172, 0, 0, 0, 33, 44175, 0, 0, 0, 0, 0, 7, 0, 0, 0, 0, 0, 0, 0, 'Training Dummy - On spell hit - Credit kill');
DELETE FROM `smart_scripts` WHERE `entryorguid`=44548 AND `source_type`=0 AND `id`=4 AND `link`=0;
INSERT INTO `smart_scripts` (`entryorguid`, `source_type`, `id`, `link`, `event_type`, `event_phase_mask`, `event_chance`, `event_flags`, `event_param1`, `event_param2`, `event_param3`, `event_param4`, `action_type`, `action_param1`, `action_param2`, `action_param3`, `action_param4`, `action_param5`, `action_param6`, `target_type`, `target_param1`, `target_param2`, `target_param3`, `target_x`, `target_y`, `target_z`, `target_o`, `comment`) VALUES (44548, 0, 4, 0, 8, 0, 100, 0, 56641, 0, 0, 0, 33, 44175, 0, 0, 0, 0, 0, 7, 0, 0, 0, 0, 0, 0, 0, 'Training Dummy - On spell hit - Credit kill');
DELETE FROM `smart_scripts` WHERE `entryorguid`=44548 AND `source_type`=0 AND `id`=6 AND `link`=0;
INSERT INTO `smart_scripts` (`entryorguid`, `source_type`, `id`, `link`, `event_type`, `event_phase_mask`, `event_chance`, `event_flags`, `event_param1`, `event_param2`, `event_param3`, `event_param4`, `action_type`, `action_param1`, `action_param2`, `action_param3`, `action_param4`, `action_param5`, `action_param6`, `target_type`, `target_param1`, `target_param2`, `target_param3`, `target_x`, `target_y`, `target_z`, `target_o`, `comment`) VALUES (44548, 0, 6, 0, 8, 0, 100, 0, 100787, 0, 0, 0, 33, 44175, 0, 0, 0, 0, 0, 7, 0, 0, 0, 0, 0, 0, 0, 'Training Dummy - On spell hit - Credit kill');
DELETE FROM `smart_scripts` WHERE `entryorguid`=44548 AND `source_type`=0 AND `id`=7 AND `link`=0;
INSERT INTO `smart_scripts` (`entryorguid`, `source_type`, `id`, `link`, `event_type`, `event_phase_mask`, `event_chance`, `event_flags`, `event_param1`, `event_param2`, `event_param3`, `event_param4`, `action_type`, `action_param1`, `action_param2`, `action_param3`, `action_param4`, `action_param5`, `action_param6`, `target_type`, `target_param1`, `target_param2`, `target_param3`, `target_x`, `target_y`, `target_z`, `target_o`, `comment`) VALUES (44548, 0, 7, 0, 6, 0, 100, 0, 0, 0, 0, 0, 70, 0, 0, 0, 0, 0, 0, 1, 0, 0, 0, 0, 0, 0, 0, 'Training Dummy - On Death - Respawn');


DELETE FROM `creature_template` WHERE `entry`=44548;
INSERT INTO `creature_template` (`entry`, `difficulty_entry_1`, `difficulty_entry_2`, `difficulty_entry_3`, `KillCredit1`, `KillCredit2`, `modelid1`, `modelid2`, `modelid3`, `modelid4`, `name`, `femaleName`, `subname`, `IconName`, `gossip_menu_id`, `minlevel`, `maxlevel`, `exp`, `exp_unk`, `faction`, `npcflag`, `speed_walk`, `speed_run`, `scale`, `rank`, `dmgschool`, `BaseAttackTime`, `RangeAttackTime`, `BaseVariance`, `RangeVariance`, `unit_class`, `unit_flags`, `unit_flags2`, `dynamicflags`, `family`, `trainer_type`, `trainer_class`, `trainer_race`, `type`, `type_flags`, `type_flags2`, `lootid`, `pickpocketloot`, `skinloot`, `resistance1`, `resistance2`, `resistance3`, `resistance4`, `resistance5`, `resistance6`, `spell1`, `spell2`, `spell3`, `spell4`, `spell5`, `spell6`, `spell7`, `spell8`, `VehicleId`, `mingold`, `maxgold`, `AIName`, `MovementType`, `InhabitType`, `HoverHeight`, `HealthModifier`, `HealthModifierExtra`, `ManaModifier`, `ManaModifierExtra`, `ArmorModifier`, `DamageModifier`, `ExperienceModifier`, `RacialLeader`, `movementId`, `RegenHealth`, `mechanic_immune_mask`, `flags_extra`, `ScriptName`, `VerifiedBuild`) VALUES (44548, 0, 0, 0, 0, 0, 3019, 0, 0, 0, 'Training Dummy', '', '', '', 0, 3, 3, 0, 0, 7, 0, 1, 1, 1, 0, 0, 2000, 2000, 1, 1, 1, 131072, 32, 0, 0, 0, 0, 0, 9, 0, 0, 0, 0, 0, 0, 0, 0, 0, 0, 0, 0, 0, 0, 0, 0, 0, 0, 0, 0, 0, 0, 'SmartAI', 0, 3, 1, 2, 1, 1, 1, 1, 1, 1, 0, 0, 1, 32, 262144, '', 20779);

DELETE FROM `smart_scripts` WHERE `entryorguid`=44389 AND `source_type`=0 AND `id`=5 AND `link`=0;
INSERT INTO `smart_scripts` (`entryorguid`, `source_type`, `id`, `link`, `event_type`, `event_phase_mask`, `event_chance`, `event_flags`, `event_param1`, `event_param2`, `event_param3`, `event_param4`, `action_type`, `action_param1`, `action_param2`, `action_param3`, `action_param4`, `action_param5`, `action_param6`, `target_type`, `target_param1`, `target_param2`, `target_param3`, `target_x`, `target_y`, `target_z`, `target_o`, `comment`) VALUES (44389, 0, 5, 0, 8, 0, 100, 0, 589, 0, 0, 0, 33, 44175, 0, 0, 0, 0, 0, 7, 0, 0, 0, 0, 0, 0, 0, 'Training Dummy - On spell hit - Credit kill');
DELETE FROM `smart_scripts` WHERE `entryorguid`=44389 AND `source_type`=0 AND `id`=0 AND `link`=0;
INSERT INTO `smart_scripts` (`entryorguid`, `source_type`, `id`, `link`, `event_type`, `event_phase_mask`, `event_chance`, `event_flags`, `event_param1`, `event_param2`, `event_param3`, `event_param4`, `action_type`, `action_param1`, `action_param2`, `action_param3`, `action_param4`, `action_param5`, `action_param6`, `target_type`, `target_param1`, `target_param2`, `target_param3`, `target_x`, `target_y`, `target_z`, `target_o`, `comment`) VALUES (44389, 0, 0, 0, 8, 0, 100, 0, 122, 0, 0, 0, 33, 44175, 0, 0, 0, 0, 0, 7, 0, 0, 0, 0, 0, 0, 0, 'Training Dummy - On spell hit - Credit kill');
DELETE FROM `smart_scripts` WHERE `entryorguid`=44389 AND `source_type`=0 AND `id`=1 AND `link`=0;
INSERT INTO `smart_scripts` (`entryorguid`, `source_type`, `id`, `link`, `event_type`, `event_phase_mask`, `event_chance`, `event_flags`, `event_param1`, `event_param2`, `event_param3`, `event_param4`, `action_type`, `action_param1`, `action_param2`, `action_param3`, `action_param4`, `action_param5`, `action_param6`, `target_type`, `target_param1`, `target_param2`, `target_param3`, `target_x`, `target_y`, `target_z`, `target_o`, `comment`) VALUES (44389, 0, 1, 0, 8, 0, 100, 0, 100, 0, 0, 0, 33, 44175, 0, 0, 0, 0, 0, 7, 0, 0, 0, 0, 0, 0, 0, 'Training Dummy - On spell hit - Credit kill');
DELETE FROM `smart_scripts` WHERE `entryorguid`=44389 AND `source_type`=0 AND `id`=2 AND `link`=0;
INSERT INTO `smart_scripts` (`entryorguid`, `source_type`, `id`, `link`, `event_type`, `event_phase_mask`, `event_chance`, `event_flags`, `event_param1`, `event_param2`, `event_param3`, `event_param4`, `action_type`, `action_param1`, `action_param2`, `action_param3`, `action_param4`, `action_param5`, `action_param6`, `target_type`, `target_param1`, `target_param2`, `target_param3`, `target_x`, `target_y`, `target_z`, `target_o`, `comment`) VALUES (44389, 0, 2, 0, 8, 0, 100, 0, 2098, 0, 0, 0, 33, 44175, 0, 0, 0, 0, 0, 7, 0, 0, 0, 0, 0, 0, 0, 'Training Dummy - On spell hit - Credit kill');
DELETE FROM `smart_scripts` WHERE `entryorguid`=44389 AND `source_type`=0 AND `id`=3 AND `link`=0;
INSERT INTO `smart_scripts` (`entryorguid`, `source_type`, `id`, `link`, `event_type`, `event_phase_mask`, `event_chance`, `event_flags`, `event_param1`, `event_param2`, `event_param3`, `event_param4`, `action_type`, `action_param1`, `action_param2`, `action_param3`, `action_param4`, `action_param5`, `action_param6`, `target_type`, `target_param1`, `target_param2`, `target_param3`, `target_x`, `target_y`, `target_z`, `target_o`, `comment`) VALUES (44389, 0, 3, 0, 8, 0, 100, 0, 172, 0, 0, 0, 33, 44175, 0, 0, 0, 0, 0, 7, 0, 0, 0, 0, 0, 0, 0, 'Training Dummy - On spell hit - Credit kill');
DELETE FROM `smart_scripts` WHERE `entryorguid`=44389 AND `source_type`=0 AND `id`=4 AND `link`=0;
INSERT INTO `smart_scripts` (`entryorguid`, `source_type`, `id`, `link`, `event_type`, `event_phase_mask`, `event_chance`, `event_flags`, `event_param1`, `event_param2`, `event_param3`, `event_param4`, `action_type`, `action_param1`, `action_param2`, `action_param3`, `action_param4`, `action_param5`, `action_param6`, `target_type`, `target_param1`, `target_param2`, `target_param3`, `target_x`, `target_y`, `target_z`, `target_o`, `comment`) VALUES (44389, 0, 4, 0, 8, 0, 100, 0, 56641, 0, 0, 0, 33, 44175, 0, 0, 0, 0, 0, 7, 0, 0, 0, 0, 0, 0, 0, 'Training Dummy - On spell hit - Credit kill');
DELETE FROM `smart_scripts` WHERE `entryorguid`=44389 AND `source_type`=0 AND `id`=6 AND `link`=0;
INSERT INTO `smart_scripts` (`entryorguid`, `source_type`, `id`, `link`, `event_type`, `event_phase_mask`, `event_chance`, `event_flags`, `event_param1`, `event_param2`, `event_param3`, `event_param4`, `action_type`, `action_param1`, `action_param2`, `action_param3`, `action_param4`, `action_param5`, `action_param6`, `target_type`, `target_param1`, `target_param2`, `target_param3`, `target_x`, `target_y`, `target_z`, `target_o`, `comment`) VALUES (44389, 0, 6, 0, 8, 0, 100, 0, 100787, 0, 0, 0, 33, 44175, 0, 0, 0, 0, 0, 7, 0, 0, 0, 0, 0, 0, 0, 'Training Dummy - On spell hit - Credit kill');
DELETE FROM `smart_scripts` WHERE `entryorguid`=44389 AND `source_type`=0 AND `id`=7 AND `link`=0;
INSERT INTO `smart_scripts` (`entryorguid`, `source_type`, `id`, `link`, `event_type`, `event_phase_mask`, `event_chance`, `event_flags`, `event_param1`, `event_param2`, `event_param3`, `event_param4`, `action_type`, `action_param1`, `action_param2`, `action_param3`, `action_param4`, `action_param5`, `action_param6`, `target_type`, `target_param1`, `target_param2`, `target_param3`, `target_x`, `target_y`, `target_z`, `target_o`, `comment`) VALUES (44389, 0, 7, 0, 6, 0, 100, 0, 0, 0, 0, 0, 70, 0, 0, 0, 0, 0, 0, 1, 0, 0, 0, 0, 0, 0, 0, 'Training Dummy - On Death - Respawn');


DELETE FROM `creature_template` WHERE `entry`=44389;
INSERT INTO `creature_template` (`entry`, `difficulty_entry_1`, `difficulty_entry_2`, `difficulty_entry_3`, `KillCredit1`, `KillCredit2`, `modelid1`, `modelid2`, `modelid3`, `modelid4`, `name`, `femaleName`, `subname`, `IconName`, `gossip_menu_id`, `minlevel`, `maxlevel`, `exp`, `exp_unk`, `faction`, `npcflag`, `speed_walk`, `speed_run`, `scale`, `rank`, `dmgschool`, `BaseAttackTime`, `RangeAttackTime`, `BaseVariance`, `RangeVariance`, `unit_class`, `unit_flags`, `unit_flags2`, `dynamicflags`, `family`, `trainer_type`, `trainer_class`, `trainer_race`, `type`, `type_flags`, `type_flags2`, `lootid`, `pickpocketloot`, `skinloot`, `resistance1`, `resistance2`, `resistance3`, `resistance4`, `resistance5`, `resistance6`, `spell1`, `spell2`, `spell3`, `spell4`, `spell5`, `spell6`, `spell7`, `spell8`, `VehicleId`, `mingold`, `maxgold`, `AIName`, `MovementType`, `InhabitType`, `HoverHeight`, `HealthModifier`, `HealthModifierExtra`, `ManaModifier`, `ManaModifierExtra`, `ArmorModifier`, `DamageModifier`, `ExperienceModifier`, `RacialLeader`, `movementId`, `RegenHealth`, `mechanic_immune_mask`, `flags_extra`, `ScriptName`, `VerifiedBuild`) VALUES (44389, 0, 0, 0, 0, 0, 3019, 0, 0, 0, 'Training Dummy', '', '', '', 0, 3, 3, 0, 0, 7, 0, 1, 1, 1, 0, 0, 2000, 2000, 1, 1, 1, 131072, 32, 0, 0, 0, 0, 0, 9, 0, 0, 0, 0, 0, 0, 0, 0, 0, 0, 0, 0, 0, 0, 0, 0, 0, 0, 0, 0, 0, 0, 'SmartAI', 0, 3, 1, 2, 1, 1, 1, 1, 1, 1, 0, 0, 1, 32, 262144, '', 20779);

DELETE FROM `smart_scripts` WHERE `entryorguid`=44614 AND `source_type`=0 AND `id`=5 AND `link`=0;
INSERT INTO `smart_scripts` (`entryorguid`, `source_type`, `id`, `link`, `event_type`, `event_phase_mask`, `event_chance`, `event_flags`, `event_param1`, `event_param2`, `event_param3`, `event_param4`, `action_type`, `action_param1`, `action_param2`, `action_param3`, `action_param4`, `action_param5`, `action_param6`, `target_type`, `target_param1`, `target_param2`, `target_param3`, `target_x`, `target_y`, `target_z`, `target_o`, `comment`) VALUES (44614, 0, 5, 0, 8, 0, 100, 0, 589, 0, 0, 0, 33, 44175, 0, 0, 0, 0, 0, 7, 0, 0, 0, 0, 0, 0, 0, 'Training Dummy - On spell hit - Credit kill');
DELETE FROM `smart_scripts` WHERE `entryorguid`=44614 AND `source_type`=0 AND `id`=0 AND `link`=0;
INSERT INTO `smart_scripts` (`entryorguid`, `source_type`, `id`, `link`, `event_type`, `event_phase_mask`, `event_chance`, `event_flags`, `event_param1`, `event_param2`, `event_param3`, `event_param4`, `action_type`, `action_param1`, `action_param2`, `action_param3`, `action_param4`, `action_param5`, `action_param6`, `target_type`, `target_param1`, `target_param2`, `target_param3`, `target_x`, `target_y`, `target_z`, `target_o`, `comment`) VALUES (44614, 0, 0, 0, 8, 0, 100, 0, 122, 0, 0, 0, 33, 44175, 0, 0, 0, 0, 0, 7, 0, 0, 0, 0, 0, 0, 0, 'Training Dummy - On spell hit - Credit kill');
DELETE FROM `smart_scripts` WHERE `entryorguid`=44614 AND `source_type`=0 AND `id`=1 AND `link`=0;
INSERT INTO `smart_scripts` (`entryorguid`, `source_type`, `id`, `link`, `event_type`, `event_phase_mask`, `event_chance`, `event_flags`, `event_param1`, `event_param2`, `event_param3`, `event_param4`, `action_type`, `action_param1`, `action_param2`, `action_param3`, `action_param4`, `action_param5`, `action_param6`, `target_type`, `target_param1`, `target_param2`, `target_param3`, `target_x`, `target_y`, `target_z`, `target_o`, `comment`) VALUES (44614, 0, 1, 0, 8, 0, 100, 0, 100, 0, 0, 0, 33, 44175, 0, 0, 0, 0, 0, 7, 0, 0, 0, 0, 0, 0, 0, 'Training Dummy - On spell hit - Credit kill');
DELETE FROM `smart_scripts` WHERE `entryorguid`=44614 AND `source_type`=0 AND `id`=2 AND `link`=0;
INSERT INTO `smart_scripts` (`entryorguid`, `source_type`, `id`, `link`, `event_type`, `event_phase_mask`, `event_chance`, `event_flags`, `event_param1`, `event_param2`, `event_param3`, `event_param4`, `action_type`, `action_param1`, `action_param2`, `action_param3`, `action_param4`, `action_param5`, `action_param6`, `target_type`, `target_param1`, `target_param2`, `target_param3`, `target_x`, `target_y`, `target_z`, `target_o`, `comment`) VALUES (44614, 0, 2, 0, 8, 0, 100, 0, 2098, 0, 0, 0, 33, 44175, 0, 0, 0, 0, 0, 7, 0, 0, 0, 0, 0, 0, 0, 'Training Dummy - On spell hit - Credit kill');
DELETE FROM `smart_scripts` WHERE `entryorguid`=44614 AND `source_type`=0 AND `id`=3 AND `link`=0;
INSERT INTO `smart_scripts` (`entryorguid`, `source_type`, `id`, `link`, `event_type`, `event_phase_mask`, `event_chance`, `event_flags`, `event_param1`, `event_param2`, `event_param3`, `event_param4`, `action_type`, `action_param1`, `action_param2`, `action_param3`, `action_param4`, `action_param5`, `action_param6`, `target_type`, `target_param1`, `target_param2`, `target_param3`, `target_x`, `target_y`, `target_z`, `target_o`, `comment`) VALUES (44614, 0, 3, 0, 8, 0, 100, 0, 172, 0, 0, 0, 33, 44175, 0, 0, 0, 0, 0, 7, 0, 0, 0, 0, 0, 0, 0, 'Training Dummy - On spell hit - Credit kill');
DELETE FROM `smart_scripts` WHERE `entryorguid`=44614 AND `source_type`=0 AND `id`=4 AND `link`=0;
INSERT INTO `smart_scripts` (`entryorguid`, `source_type`, `id`, `link`, `event_type`, `event_phase_mask`, `event_chance`, `event_flags`, `event_param1`, `event_param2`, `event_param3`, `event_param4`, `action_type`, `action_param1`, `action_param2`, `action_param3`, `action_param4`, `action_param5`, `action_param6`, `target_type`, `target_param1`, `target_param2`, `target_param3`, `target_x`, `target_y`, `target_z`, `target_o`, `comment`) VALUES (44614, 0, 4, 0, 8, 0, 100, 0, 56641, 0, 0, 0, 33, 44175, 0, 0, 0, 0, 0, 7, 0, 0, 0, 0, 0, 0, 0, 'Training Dummy - On spell hit - Credit kill');
DELETE FROM `smart_scripts` WHERE `entryorguid`=44614 AND `source_type`=0 AND `id`=6 AND `link`=0;
INSERT INTO `smart_scripts` (`entryorguid`, `source_type`, `id`, `link`, `event_type`, `event_phase_mask`, `event_chance`, `event_flags`, `event_param1`, `event_param2`, `event_param3`, `event_param4`, `action_type`, `action_param1`, `action_param2`, `action_param3`, `action_param4`, `action_param5`, `action_param6`, `target_type`, `target_param1`, `target_param2`, `target_param3`, `target_x`, `target_y`, `target_z`, `target_o`, `comment`) VALUES (44614, 0, 6, 0, 8, 0, 100, 0, 100787, 0, 0, 0, 33, 44175, 0, 0, 0, 0, 0, 7, 0, 0, 0, 0, 0, 0, 0, 'Training Dummy - On spell hit - Credit kill');
DELETE FROM `smart_scripts` WHERE `entryorguid`=44614 AND `source_type`=0 AND `id`=7 AND `link`=0;
INSERT INTO `smart_scripts` (`entryorguid`, `source_type`, `id`, `link`, `event_type`, `event_phase_mask`, `event_chance`, `event_flags`, `event_param1`, `event_param2`, `event_param3`, `event_param4`, `action_type`, `action_param1`, `action_param2`, `action_param3`, `action_param4`, `action_param5`, `action_param6`, `target_type`, `target_param1`, `target_param2`, `target_param3`, `target_x`, `target_y`, `target_z`, `target_o`, `comment`) VALUES (44614, 0, 7, 0, 6, 0, 100, 0, 0, 0, 0, 0, 70, 0, 0, 0, 0, 0, 0, 1, 0, 0, 0, 0, 0, 0, 0, 'Training Dummy - On Death - Respawn');


DELETE FROM `creature_template` WHERE `entry`=44614;
INSERT INTO `creature_template` (`entry`, `difficulty_entry_1`, `difficulty_entry_2`, `difficulty_entry_3`, `KillCredit1`, `KillCredit2`, `modelid1`, `modelid2`, `modelid3`, `modelid4`, `name`, `femaleName`, `subname`, `IconName`, `gossip_menu_id`, `minlevel`, `maxlevel`, `exp`, `exp_unk`, `faction`, `npcflag`, `speed_walk`, `speed_run`, `scale`, `rank`, `dmgschool`, `BaseAttackTime`, `RangeAttackTime`, `BaseVariance`, `RangeVariance`, `unit_class`, `unit_flags`, `unit_flags2`, `dynamicflags`, `family`, `trainer_type`, `trainer_class`, `trainer_race`, `type`, `type_flags`, `type_flags2`, `lootid`, `pickpocketloot`, `skinloot`, `resistance1`, `resistance2`, `resistance3`, `resistance4`, `resistance5`, `resistance6`, `spell1`, `spell2`, `spell3`, `spell4`, `spell5`, `spell6`, `spell7`, `spell8`, `VehicleId`, `mingold`, `maxgold`, `AIName`, `MovementType`, `InhabitType`, `HoverHeight`, `HealthModifier`, `HealthModifierExtra`, `ManaModifier`, `ManaModifierExtra`, `ArmorModifier`, `DamageModifier`, `ExperienceModifier`, `RacialLeader`, `movementId`, `RegenHealth`, `mechanic_immune_mask`, `flags_extra`, `ScriptName`, `VerifiedBuild`) VALUES (44614, 0, 0, 0, 0, 0, 3019, 0, 0, 0, 'Training Dummy', '', '', '', 0, 3, 3, 0, 0, 7, 0, 1, 1, 1, 0, 0, 2000, 2000, 1, 1, 1, 131072, 32, 0, 0, 0, 0, 0, 9, 0, 0, 0, 0, 0, 0, 0, 0, 0, 0, 0, 0, 0, 0, 0, 0, 0, 0, 0, 0, 0, 0, 'SmartAI', 0, 3, 1, 2, 1, 1, 1, 1, 1, 1, 0, 0, 1, 32, 262144, '', 20779);

DELETE FROM `smart_scripts` WHERE `entryorguid`=44171 AND `source_type`=0 AND `id`=5 AND `link`=0;
INSERT INTO `smart_scripts` (`entryorguid`, `source_type`, `id`, `link`, `event_type`, `event_phase_mask`, `event_chance`, `event_flags`, `event_param1`, `event_param2`, `event_param3`, `event_param4`, `action_type`, `action_param1`, `action_param2`, `action_param3`, `action_param4`, `action_param5`, `action_param6`, `target_type`, `target_param1`, `target_param2`, `target_param3`, `target_x`, `target_y`, `target_z`, `target_o`, `comment`) VALUES (44171, 0, 5, 0, 8, 0, 100, 0, 589, 0, 0, 0, 33, 44175, 0, 0, 0, 0, 0, 7, 0, 0, 0, 0, 0, 0, 0, 'Training Dummy - On spell hit - Credit kill');
DELETE FROM `smart_scripts` WHERE `entryorguid`=44171 AND `source_type`=0 AND `id`=0 AND `link`=0;
INSERT INTO `smart_scripts` (`entryorguid`, `source_type`, `id`, `link`, `event_type`, `event_phase_mask`, `event_chance`, `event_flags`, `event_param1`, `event_param2`, `event_param3`, `event_param4`, `action_type`, `action_param1`, `action_param2`, `action_param3`, `action_param4`, `action_param5`, `action_param6`, `target_type`, `target_param1`, `target_param2`, `target_param3`, `target_x`, `target_y`, `target_z`, `target_o`, `comment`) VALUES (44171, 0, 0, 0, 8, 0, 100, 0, 122, 0, 0, 0, 33, 44175, 0, 0, 0, 0, 0, 7, 0, 0, 0, 0, 0, 0, 0, 'Training Dummy - On spell hit - Credit kill');
DELETE FROM `smart_scripts` WHERE `entryorguid`=44171 AND `source_type`=0 AND `id`=1 AND `link`=0;
INSERT INTO `smart_scripts` (`entryorguid`, `source_type`, `id`, `link`, `event_type`, `event_phase_mask`, `event_chance`, `event_flags`, `event_param1`, `event_param2`, `event_param3`, `event_param4`, `action_type`, `action_param1`, `action_param2`, `action_param3`, `action_param4`, `action_param5`, `action_param6`, `target_type`, `target_param1`, `target_param2`, `target_param3`, `target_x`, `target_y`, `target_z`, `target_o`, `comment`) VALUES (44171, 0, 1, 0, 8, 0, 100, 0, 100, 0, 0, 0, 33, 44175, 0, 0, 0, 0, 0, 7, 0, 0, 0, 0, 0, 0, 0, 'Training Dummy - On spell hit - Credit kill');
DELETE FROM `smart_scripts` WHERE `entryorguid`=44171 AND `source_type`=0 AND `id`=2 AND `link`=0;
INSERT INTO `smart_scripts` (`entryorguid`, `source_type`, `id`, `link`, `event_type`, `event_phase_mask`, `event_chance`, `event_flags`, `event_param1`, `event_param2`, `event_param3`, `event_param4`, `action_type`, `action_param1`, `action_param2`, `action_param3`, `action_param4`, `action_param5`, `action_param6`, `target_type`, `target_param1`, `target_param2`, `target_param3`, `target_x`, `target_y`, `target_z`, `target_o`, `comment`) VALUES (44171, 0, 2, 0, 8, 0, 100, 0, 2098, 0, 0, 0, 33, 44175, 0, 0, 0, 0, 0, 7, 0, 0, 0, 0, 0, 0, 0, 'Training Dummy - On spell hit - Credit kill');
DELETE FROM `smart_scripts` WHERE `entryorguid`=44171 AND `source_type`=0 AND `id`=3 AND `link`=0;
INSERT INTO `smart_scripts` (`entryorguid`, `source_type`, `id`, `link`, `event_type`, `event_phase_mask`, `event_chance`, `event_flags`, `event_param1`, `event_param2`, `event_param3`, `event_param4`, `action_type`, `action_param1`, `action_param2`, `action_param3`, `action_param4`, `action_param5`, `action_param6`, `target_type`, `target_param1`, `target_param2`, `target_param3`, `target_x`, `target_y`, `target_z`, `target_o`, `comment`) VALUES (44171, 0, 3, 0, 8, 0, 100, 0, 172, 0, 0, 0, 33, 44175, 0, 0, 0, 0, 0, 7, 0, 0, 0, 0, 0, 0, 0, 'Training Dummy - On spell hit - Credit kill');
DELETE FROM `smart_scripts` WHERE `entryorguid`=44171 AND `source_type`=0 AND `id`=4 AND `link`=0;
INSERT INTO `smart_scripts` (`entryorguid`, `source_type`, `id`, `link`, `event_type`, `event_phase_mask`, `event_chance`, `event_flags`, `event_param1`, `event_param2`, `event_param3`, `event_param4`, `action_type`, `action_param1`, `action_param2`, `action_param3`, `action_param4`, `action_param5`, `action_param6`, `target_type`, `target_param1`, `target_param2`, `target_param3`, `target_x`, `target_y`, `target_z`, `target_o`, `comment`) VALUES (44171, 0, 4, 0, 8, 0, 100, 0, 56641, 0, 0, 0, 33, 44175, 0, 0, 0, 0, 0, 7, 0, 0, 0, 0, 0, 0, 0, 'Training Dummy - On spell hit - Credit kill');
DELETE FROM `smart_scripts` WHERE `entryorguid`=44171 AND `source_type`=0 AND `id`=6 AND `link`=0;
INSERT INTO `smart_scripts` (`entryorguid`, `source_type`, `id`, `link`, `event_type`, `event_phase_mask`, `event_chance`, `event_flags`, `event_param1`, `event_param2`, `event_param3`, `event_param4`, `action_type`, `action_param1`, `action_param2`, `action_param3`, `action_param4`, `action_param5`, `action_param6`, `target_type`, `target_param1`, `target_param2`, `target_param3`, `target_x`, `target_y`, `target_z`, `target_o`, `comment`) VALUES (44171, 0, 6, 0, 8, 0, 100, 0, 100787, 0, 0, 0, 33, 44175, 0, 0, 0, 0, 0, 7, 0, 0, 0, 0, 0, 0, 0, 'Training Dummy - On spell hit - Credit kill');
DELETE FROM `smart_scripts` WHERE `entryorguid`=44171 AND `source_type`=0 AND `id`=7 AND `link`=0;
INSERT INTO `smart_scripts` (`entryorguid`, `source_type`, `id`, `link`, `event_type`, `event_phase_mask`, `event_chance`, `event_flags`, `event_param1`, `event_param2`, `event_param3`, `event_param4`, `action_type`, `action_param1`, `action_param2`, `action_param3`, `action_param4`, `action_param5`, `action_param6`, `target_type`, `target_param1`, `target_param2`, `target_param3`, `target_x`, `target_y`, `target_z`, `target_o`, `comment`) VALUES (44171, 0, 7, 0, 6, 0, 100, 0, 0, 0, 0, 0, 70, 0, 0, 0, 0, 0, 0, 1, 0, 0, 0, 0, 0, 0, 0, 'Training Dummy - On Death - Respawn');


DELETE FROM `creature_template` WHERE `entry`=44171;
INSERT INTO `creature_template` (`entry`, `difficulty_entry_1`, `difficulty_entry_2`, `difficulty_entry_3`, `KillCredit1`, `KillCredit2`, `modelid1`, `modelid2`, `modelid3`, `modelid4`, `name`, `femaleName`, `subname`, `IconName`, `gossip_menu_id`, `minlevel`, `maxlevel`, `exp`, `exp_unk`, `faction`, `npcflag`, `speed_walk`, `speed_run`, `scale`, `rank`, `dmgschool`, `BaseAttackTime`, `RangeAttackTime`, `BaseVariance`, `RangeVariance`, `unit_class`, `unit_flags`, `unit_flags2`, `dynamicflags`, `family`, `trainer_type`, `trainer_class`, `trainer_race`, `type`, `type_flags`, `type_flags2`, `lootid`, `pickpocketloot`, `skinloot`, `resistance1`, `resistance2`, `resistance3`, `resistance4`, `resistance5`, `resistance6`, `spell1`, `spell2`, `spell3`, `spell4`, `spell5`, `spell6`, `spell7`, `spell8`, `VehicleId`, `mingold`, `maxgold`, `AIName`, `MovementType`, `InhabitType`, `HoverHeight`, `HealthModifier`, `HealthModifierExtra`, `ManaModifier`, `ManaModifierExtra`, `ArmorModifier`, `DamageModifier`, `ExperienceModifier`, `RacialLeader`, `movementId`, `RegenHealth`, `mechanic_immune_mask`, `flags_extra`, `ScriptName`, `VerifiedBuild`) VALUES (44171, 0, 0, 0, 0, 0, 3019, 0, 0, 0, 'Training Dummy', '', '', '', 0, 3, 3, 0, 0, 7, 0, 1, 1, 1, 0, 0, 2000, 2000, 1, 1, 1, 131072, 32, 0, 0, 0, 0, 0, 9, 0, 0, 0, 0, 0, 0, 0, 0, 0, 0, 0, 0, 0, 0, 0, 0, 0, 0, 0, 0, 0, 0, 'SmartAI', 0, 3, 1, 2, 1, 1, 1, 1, 1, 1, 0, 0, 1, 32, 262144, '', 20779);

DELETE FROM `smart_scripts` WHERE `entryorguid`=44820 AND `source_type`=0 AND `id`=5 AND `link`=0;
INSERT INTO `smart_scripts` (`entryorguid`, `source_type`, `id`, `link`, `event_type`, `event_phase_mask`, `event_chance`, `event_flags`, `event_param1`, `event_param2`, `event_param3`, `event_param4`, `action_type`, `action_param1`, `action_param2`, `action_param3`, `action_param4`, `action_param5`, `action_param6`, `target_type`, `target_param1`, `target_param2`, `target_param3`, `target_x`, `target_y`, `target_z`, `target_o`, `comment`) VALUES (44820, 0, 5, 0, 8, 0, 100, 0, 589, 0, 0, 0, 33, 44175, 0, 0, 0, 0, 0, 7, 0, 0, 0, 0, 0, 0, 0, 'Training Dummy - On spell hit - Credit kill');
DELETE FROM `smart_scripts` WHERE `entryorguid`=44820 AND `source_type`=0 AND `id`=0 AND `link`=0;
INSERT INTO `smart_scripts` (`entryorguid`, `source_type`, `id`, `link`, `event_type`, `event_phase_mask`, `event_chance`, `event_flags`, `event_param1`, `event_param2`, `event_param3`, `event_param4`, `action_type`, `action_param1`, `action_param2`, `action_param3`, `action_param4`, `action_param5`, `action_param6`, `target_type`, `target_param1`, `target_param2`, `target_param3`, `target_x`, `target_y`, `target_z`, `target_o`, `comment`) VALUES (44820, 0, 0, 0, 8, 0, 100, 0, 122, 0, 0, 0, 33, 44175, 0, 0, 0, 0, 0, 7, 0, 0, 0, 0, 0, 0, 0, 'Training Dummy - On spell hit - Credit kill');
DELETE FROM `smart_scripts` WHERE `entryorguid`=44820 AND `source_type`=0 AND `id`=1 AND `link`=0;
INSERT INTO `smart_scripts` (`entryorguid`, `source_type`, `id`, `link`, `event_type`, `event_phase_mask`, `event_chance`, `event_flags`, `event_param1`, `event_param2`, `event_param3`, `event_param4`, `action_type`, `action_param1`, `action_param2`, `action_param3`, `action_param4`, `action_param5`, `action_param6`, `target_type`, `target_param1`, `target_param2`, `target_param3`, `target_x`, `target_y`, `target_z`, `target_o`, `comment`) VALUES (44820, 0, 1, 0, 8, 0, 100, 0, 100, 0, 0, 0, 33, 44175, 0, 0, 0, 0, 0, 7, 0, 0, 0, 0, 0, 0, 0, 'Training Dummy - On spell hit - Credit kill');
DELETE FROM `smart_scripts` WHERE `entryorguid`=44820 AND `source_type`=0 AND `id`=2 AND `link`=0;
INSERT INTO `smart_scripts` (`entryorguid`, `source_type`, `id`, `link`, `event_type`, `event_phase_mask`, `event_chance`, `event_flags`, `event_param1`, `event_param2`, `event_param3`, `event_param4`, `action_type`, `action_param1`, `action_param2`, `action_param3`, `action_param4`, `action_param5`, `action_param6`, `target_type`, `target_param1`, `target_param2`, `target_param3`, `target_x`, `target_y`, `target_z`, `target_o`, `comment`) VALUES (44820, 0, 2, 0, 8, 0, 100, 0, 2098, 0, 0, 0, 33, 44175, 0, 0, 0, 0, 0, 7, 0, 0, 0, 0, 0, 0, 0, 'Training Dummy - On spell hit - Credit kill');
DELETE FROM `smart_scripts` WHERE `entryorguid`=44820 AND `source_type`=0 AND `id`=3 AND `link`=0;
INSERT INTO `smart_scripts` (`entryorguid`, `source_type`, `id`, `link`, `event_type`, `event_phase_mask`, `event_chance`, `event_flags`, `event_param1`, `event_param2`, `event_param3`, `event_param4`, `action_type`, `action_param1`, `action_param2`, `action_param3`, `action_param4`, `action_param5`, `action_param6`, `target_type`, `target_param1`, `target_param2`, `target_param3`, `target_x`, `target_y`, `target_z`, `target_o`, `comment`) VALUES (44820, 0, 3, 0, 8, 0, 100, 0, 172, 0, 0, 0, 33, 44175, 0, 0, 0, 0, 0, 7, 0, 0, 0, 0, 0, 0, 0, 'Training Dummy - On spell hit - Credit kill');
DELETE FROM `smart_scripts` WHERE `entryorguid`=44820 AND `source_type`=0 AND `id`=4 AND `link`=0;
INSERT INTO `smart_scripts` (`entryorguid`, `source_type`, `id`, `link`, `event_type`, `event_phase_mask`, `event_chance`, `event_flags`, `event_param1`, `event_param2`, `event_param3`, `event_param4`, `action_type`, `action_param1`, `action_param2`, `action_param3`, `action_param4`, `action_param5`, `action_param6`, `target_type`, `target_param1`, `target_param2`, `target_param3`, `target_x`, `target_y`, `target_z`, `target_o`, `comment`) VALUES (44820, 0, 4, 0, 8, 0, 100, 0, 56641, 0, 0, 0, 33, 44175, 0, 0, 0, 0, 0, 7, 0, 0, 0, 0, 0, 0, 0, 'Training Dummy - On spell hit - Credit kill');
DELETE FROM `smart_scripts` WHERE `entryorguid`=44820 AND `source_type`=0 AND `id`=6 AND `link`=0;
INSERT INTO `smart_scripts` (`entryorguid`, `source_type`, `id`, `link`, `event_type`, `event_phase_mask`, `event_chance`, `event_flags`, `event_param1`, `event_param2`, `event_param3`, `event_param4`, `action_type`, `action_param1`, `action_param2`, `action_param3`, `action_param4`, `action_param5`, `action_param6`, `target_type`, `target_param1`, `target_param2`, `target_param3`, `target_x`, `target_y`, `target_z`, `target_o`, `comment`) VALUES (44820, 0, 6, 0, 8, 0, 100, 0, 100787, 0, 0, 0, 33, 44175, 0, 0, 0, 0, 0, 7, 0, 0, 0, 0, 0, 0, 0, 'Training Dummy - On spell hit - Credit kill');
DELETE FROM `smart_scripts` WHERE `entryorguid`=44820 AND `source_type`=0 AND `id`=7 AND `link`=0;
INSERT INTO `smart_scripts` (`entryorguid`, `source_type`, `id`, `link`, `event_type`, `event_phase_mask`, `event_chance`, `event_flags`, `event_param1`, `event_param2`, `event_param3`, `event_param4`, `action_type`, `action_param1`, `action_param2`, `action_param3`, `action_param4`, `action_param5`, `action_param6`, `target_type`, `target_param1`, `target_param2`, `target_param3`, `target_x`, `target_y`, `target_z`, `target_o`, `comment`) VALUES (44820, 0, 7, 0, 6, 0, 100, 0, 0, 0, 0, 0, 70, 0, 0, 0, 0, 0, 0, 1, 0, 0, 0, 0, 0, 0, 0, 'Training Dummy - On Death - Respawn');


DELETE FROM `creature_template` WHERE `entry`=44820;
INSERT INTO `creature_template` (`entry`, `difficulty_entry_1`, `difficulty_entry_2`, `difficulty_entry_3`, `KillCredit1`, `KillCredit2`, `modelid1`, `modelid2`, `modelid3`, `modelid4`, `name`, `femaleName`, `subname`, `IconName`, `gossip_menu_id`, `minlevel`, `maxlevel`, `exp`, `exp_unk`, `faction`, `npcflag`, `speed_walk`, `speed_run`, `scale`, `rank`, `dmgschool`, `BaseAttackTime`, `RangeAttackTime`, `BaseVariance`, `RangeVariance`, `unit_class`, `unit_flags`, `unit_flags2`, `dynamicflags`, `family`, `trainer_type`, `trainer_class`, `trainer_race`, `type`, `type_flags`, `type_flags2`, `lootid`, `pickpocketloot`, `skinloot`, `resistance1`, `resistance2`, `resistance3`, `resistance4`, `resistance5`, `resistance6`, `spell1`, `spell2`, `spell3`, `spell4`, `spell5`, `spell6`, `spell7`, `spell8`, `VehicleId`, `mingold`, `maxgold`, `AIName`, `MovementType`, `InhabitType`, `HoverHeight`, `HealthModifier`, `HealthModifierExtra`, `ManaModifier`, `ManaModifierExtra`, `ArmorModifier`, `DamageModifier`, `ExperienceModifier`, `RacialLeader`, `movementId`, `RegenHealth`, `mechanic_immune_mask`, `flags_extra`, `ScriptName`, `VerifiedBuild`) VALUES (44820, 0, 0, 0, 0, 0, 3019, 0, 0, 0, 'Training Dummy', '', '', '', 0, 3, 3, 0, 0, 7, 0, 1, 1, 1, 0, 0, 2000, 2000, 1, 1, 1, 131072, 32, 0, 0, 0, 0, 0, 9, 0, 0, 0, 0, 0, 0, 0, 0, 0, 0, 0, 0, 0, 0, 0, 0, 0, 0, 0, 0, 0, 0, 'SmartAI', 0, 3, 1, 2, 1, 1, 1, 1, 1, 1, 0, 0, 1, 32, 262144, '', 20779);

DELETE FROM `smart_scripts` WHERE `entryorguid`=44794 AND `source_type`=0 AND `id`=5 AND `link`=0;
INSERT INTO `smart_scripts` (`entryorguid`, `source_type`, `id`, `link`, `event_type`, `event_phase_mask`, `event_chance`, `event_flags`, `event_param1`, `event_param2`, `event_param3`, `event_param4`, `action_type`, `action_param1`, `action_param2`, `action_param3`, `action_param4`, `action_param5`, `action_param6`, `target_type`, `target_param1`, `target_param2`, `target_param3`, `target_x`, `target_y`, `target_z`, `target_o`, `comment`) VALUES (44794, 0, 5, 0, 8, 0, 100, 0, 589, 0, 0, 0, 33, 44175, 0, 0, 0, 0, 0, 7, 0, 0, 0, 0, 0, 0, 0, 'Training Dummy - On spell hit - Credit kill');
DELETE FROM `smart_scripts` WHERE `entryorguid`=44794 AND `source_type`=0 AND `id`=0 AND `link`=0;
INSERT INTO `smart_scripts` (`entryorguid`, `source_type`, `id`, `link`, `event_type`, `event_phase_mask`, `event_chance`, `event_flags`, `event_param1`, `event_param2`, `event_param3`, `event_param4`, `action_type`, `action_param1`, `action_param2`, `action_param3`, `action_param4`, `action_param5`, `action_param6`, `target_type`, `target_param1`, `target_param2`, `target_param3`, `target_x`, `target_y`, `target_z`, `target_o`, `comment`) VALUES (44794, 0, 0, 0, 8, 0, 100, 0, 122, 0, 0, 0, 33, 44175, 0, 0, 0, 0, 0, 7, 0, 0, 0, 0, 0, 0, 0, 'Training Dummy - On spell hit - Credit kill');
DELETE FROM `smart_scripts` WHERE `entryorguid`=44794 AND `source_type`=0 AND `id`=1 AND `link`=0;
INSERT INTO `smart_scripts` (`entryorguid`, `source_type`, `id`, `link`, `event_type`, `event_phase_mask`, `event_chance`, `event_flags`, `event_param1`, `event_param2`, `event_param3`, `event_param4`, `action_type`, `action_param1`, `action_param2`, `action_param3`, `action_param4`, `action_param5`, `action_param6`, `target_type`, `target_param1`, `target_param2`, `target_param3`, `target_x`, `target_y`, `target_z`, `target_o`, `comment`) VALUES (44794, 0, 1, 0, 8, 0, 100, 0, 100, 0, 0, 0, 33, 44175, 0, 0, 0, 0, 0, 7, 0, 0, 0, 0, 0, 0, 0, 'Training Dummy - On spell hit - Credit kill');
DELETE FROM `smart_scripts` WHERE `entryorguid`=44794 AND `source_type`=0 AND `id`=2 AND `link`=0;
INSERT INTO `smart_scripts` (`entryorguid`, `source_type`, `id`, `link`, `event_type`, `event_phase_mask`, `event_chance`, `event_flags`, `event_param1`, `event_param2`, `event_param3`, `event_param4`, `action_type`, `action_param1`, `action_param2`, `action_param3`, `action_param4`, `action_param5`, `action_param6`, `target_type`, `target_param1`, `target_param2`, `target_param3`, `target_x`, `target_y`, `target_z`, `target_o`, `comment`) VALUES (44794, 0, 2, 0, 8, 0, 100, 0, 2098, 0, 0, 0, 33, 44175, 0, 0, 0, 0, 0, 7, 0, 0, 0, 0, 0, 0, 0, 'Training Dummy - On spell hit - Credit kill');
DELETE FROM `smart_scripts` WHERE `entryorguid`=44794 AND `source_type`=0 AND `id`=3 AND `link`=0;
INSERT INTO `smart_scripts` (`entryorguid`, `source_type`, `id`, `link`, `event_type`, `event_phase_mask`, `event_chance`, `event_flags`, `event_param1`, `event_param2`, `event_param3`, `event_param4`, `action_type`, `action_param1`, `action_param2`, `action_param3`, `action_param4`, `action_param5`, `action_param6`, `target_type`, `target_param1`, `target_param2`, `target_param3`, `target_x`, `target_y`, `target_z`, `target_o`, `comment`) VALUES (44794, 0, 3, 0, 8, 0, 100, 0, 172, 0, 0, 0, 33, 44175, 0, 0, 0, 0, 0, 7, 0, 0, 0, 0, 0, 0, 0, 'Training Dummy - On spell hit - Credit kill');
DELETE FROM `smart_scripts` WHERE `entryorguid`=44794 AND `source_type`=0 AND `id`=4 AND `link`=0;
INSERT INTO `smart_scripts` (`entryorguid`, `source_type`, `id`, `link`, `event_type`, `event_phase_mask`, `event_chance`, `event_flags`, `event_param1`, `event_param2`, `event_param3`, `event_param4`, `action_type`, `action_param1`, `action_param2`, `action_param3`, `action_param4`, `action_param5`, `action_param6`, `target_type`, `target_param1`, `target_param2`, `target_param3`, `target_x`, `target_y`, `target_z`, `target_o`, `comment`) VALUES (44794, 0, 4, 0, 8, 0, 100, 0, 56641, 0, 0, 0, 33, 44175, 0, 0, 0, 0, 0, 7, 0, 0, 0, 0, 0, 0, 0, 'Training Dummy - On spell hit - Credit kill');
DELETE FROM `smart_scripts` WHERE `entryorguid`=44794 AND `source_type`=0 AND `id`=6 AND `link`=0;
INSERT INTO `smart_scripts` (`entryorguid`, `source_type`, `id`, `link`, `event_type`, `event_phase_mask`, `event_chance`, `event_flags`, `event_param1`, `event_param2`, `event_param3`, `event_param4`, `action_type`, `action_param1`, `action_param2`, `action_param3`, `action_param4`, `action_param5`, `action_param6`, `target_type`, `target_param1`, `target_param2`, `target_param3`, `target_x`, `target_y`, `target_z`, `target_o`, `comment`) VALUES (44794, 0, 6, 0, 8, 0, 100, 0, 100787, 0, 0, 0, 33, 44175, 0, 0, 0, 0, 0, 7, 0, 0, 0, 0, 0, 0, 0, 'Training Dummy - On spell hit - Credit kill');
DELETE FROM `smart_scripts` WHERE `entryorguid`=44794 AND `source_type`=0 AND `id`=7 AND `link`=0;
INSERT INTO `smart_scripts` (`entryorguid`, `source_type`, `id`, `link`, `event_type`, `event_phase_mask`, `event_chance`, `event_flags`, `event_param1`, `event_param2`, `event_param3`, `event_param4`, `action_type`, `action_param1`, `action_param2`, `action_param3`, `action_param4`, `action_param5`, `action_param6`, `target_type`, `target_param1`, `target_param2`, `target_param3`, `target_x`, `target_y`, `target_z`, `target_o`, `comment`) VALUES (44794, 0, 7, 0, 6, 0, 100, 0, 0, 0, 0, 0, 70, 0, 0, 0, 0, 0, 0, 1, 0, 0, 0, 0, 0, 0, 0, 'Training Dummy - On Death - Respawn');


DELETE FROM `creature_template` WHERE `entry`=44794;
INSERT INTO `creature_template` (`entry`, `difficulty_entry_1`, `difficulty_entry_2`, `difficulty_entry_3`, `KillCredit1`, `KillCredit2`, `modelid1`, `modelid2`, `modelid3`, `modelid4`, `name`, `femaleName`, `subname`, `IconName`, `gossip_menu_id`, `minlevel`, `maxlevel`, `exp`, `exp_unk`, `faction`, `npcflag`, `speed_walk`, `speed_run`, `scale`, `rank`, `dmgschool`, `BaseAttackTime`, `RangeAttackTime`, `BaseVariance`, `RangeVariance`, `unit_class`, `unit_flags`, `unit_flags2`, `dynamicflags`, `family`, `trainer_type`, `trainer_class`, `trainer_race`, `type`, `type_flags`, `type_flags2`, `lootid`, `pickpocketloot`, `skinloot`, `resistance1`, `resistance2`, `resistance3`, `resistance4`, `resistance5`, `resistance6`, `spell1`, `spell2`, `spell3`, `spell4`, `spell5`, `spell6`, `spell7`, `spell8`, `VehicleId`, `mingold`, `maxgold`, `AIName`, `MovementType`, `InhabitType`, `HoverHeight`, `HealthModifier`, `HealthModifierExtra`, `ManaModifier`, `ManaModifierExtra`, `ArmorModifier`, `DamageModifier`, `ExperienceModifier`, `RacialLeader`, `movementId`, `RegenHealth`, `mechanic_immune_mask`, `flags_extra`, `ScriptName`, `VerifiedBuild`) VALUES (44794, 0, 0, 0, 0, 0, 3019, 0, 0, 0, 'Training Dummy', '', '', '', 0, 3, 3, 0, 0, 7, 0, 1, 1, 1, 0, 0, 2000, 2000, 1, 1, 1, 131072, 32, 0, 0, 0, 0, 0, 9, 0, 0, 0, 0, 0, 0, 0, 0, 0, 0, 0, 0, 0, 0, 0, 0, 0, 0, 0, 0, 0, 0, 'SmartAI', 0, 3, 1, 2, 1, 1, 1, 1, 1, 1, 0, 0, 1, 32, 262144, '', 20779);

DELETE FROM `smart_scripts` WHERE `entryorguid`=44848 AND `source_type`=0 AND `id`=5 AND `link`=0;
INSERT INTO `smart_scripts` (`entryorguid`, `source_type`, `id`, `link`, `event_type`, `event_phase_mask`, `event_chance`, `event_flags`, `event_param1`, `event_param2`, `event_param3`, `event_param4`, `action_type`, `action_param1`, `action_param2`, `action_param3`, `action_param4`, `action_param5`, `action_param6`, `target_type`, `target_param1`, `target_param2`, `target_param3`, `target_x`, `target_y`, `target_z`, `target_o`, `comment`) VALUES (44848, 0, 5, 0, 8, 0, 100, 0, 589, 0, 0, 0, 33, 44175, 0, 0, 0, 0, 0, 7, 0, 0, 0, 0, 0, 0, 0, 'Training Dummy - On spell hit - Credit kill');
DELETE FROM `smart_scripts` WHERE `entryorguid`=44848 AND `source_type`=0 AND `id`=0 AND `link`=0;
INSERT INTO `smart_scripts` (`entryorguid`, `source_type`, `id`, `link`, `event_type`, `event_phase_mask`, `event_chance`, `event_flags`, `event_param1`, `event_param2`, `event_param3`, `event_param4`, `action_type`, `action_param1`, `action_param2`, `action_param3`, `action_param4`, `action_param5`, `action_param6`, `target_type`, `target_param1`, `target_param2`, `target_param3`, `target_x`, `target_y`, `target_z`, `target_o`, `comment`) VALUES (44848, 0, 0, 0, 8, 0, 100, 0, 122, 0, 0, 0, 33, 44175, 0, 0, 0, 0, 0, 7, 0, 0, 0, 0, 0, 0, 0, 'Training Dummy - On spell hit - Credit kill');
DELETE FROM `smart_scripts` WHERE `entryorguid`=44848 AND `source_type`=0 AND `id`=1 AND `link`=0;
INSERT INTO `smart_scripts` (`entryorguid`, `source_type`, `id`, `link`, `event_type`, `event_phase_mask`, `event_chance`, `event_flags`, `event_param1`, `event_param2`, `event_param3`, `event_param4`, `action_type`, `action_param1`, `action_param2`, `action_param3`, `action_param4`, `action_param5`, `action_param6`, `target_type`, `target_param1`, `target_param2`, `target_param3`, `target_x`, `target_y`, `target_z`, `target_o`, `comment`) VALUES (44848, 0, 1, 0, 8, 0, 100, 0, 100, 0, 0, 0, 33, 44175, 0, 0, 0, 0, 0, 7, 0, 0, 0, 0, 0, 0, 0, 'Training Dummy - On spell hit - Credit kill');
DELETE FROM `smart_scripts` WHERE `entryorguid`=44848 AND `source_type`=0 AND `id`=2 AND `link`=0;
INSERT INTO `smart_scripts` (`entryorguid`, `source_type`, `id`, `link`, `event_type`, `event_phase_mask`, `event_chance`, `event_flags`, `event_param1`, `event_param2`, `event_param3`, `event_param4`, `action_type`, `action_param1`, `action_param2`, `action_param3`, `action_param4`, `action_param5`, `action_param6`, `target_type`, `target_param1`, `target_param2`, `target_param3`, `target_x`, `target_y`, `target_z`, `target_o`, `comment`) VALUES (44848, 0, 2, 0, 8, 0, 100, 0, 2098, 0, 0, 0, 33, 44175, 0, 0, 0, 0, 0, 7, 0, 0, 0, 0, 0, 0, 0, 'Training Dummy - On spell hit - Credit kill');
DELETE FROM `smart_scripts` WHERE `entryorguid`=44848 AND `source_type`=0 AND `id`=3 AND `link`=0;
INSERT INTO `smart_scripts` (`entryorguid`, `source_type`, `id`, `link`, `event_type`, `event_phase_mask`, `event_chance`, `event_flags`, `event_param1`, `event_param2`, `event_param3`, `event_param4`, `action_type`, `action_param1`, `action_param2`, `action_param3`, `action_param4`, `action_param5`, `action_param6`, `target_type`, `target_param1`, `target_param2`, `target_param3`, `target_x`, `target_y`, `target_z`, `target_o`, `comment`) VALUES (44848, 0, 3, 0, 8, 0, 100, 0, 172, 0, 0, 0, 33, 44175, 0, 0, 0, 0, 0, 7, 0, 0, 0, 0, 0, 0, 0, 'Training Dummy - On spell hit - Credit kill');
DELETE FROM `smart_scripts` WHERE `entryorguid`=44848 AND `source_type`=0 AND `id`=4 AND `link`=0;
INSERT INTO `smart_scripts` (`entryorguid`, `source_type`, `id`, `link`, `event_type`, `event_phase_mask`, `event_chance`, `event_flags`, `event_param1`, `event_param2`, `event_param3`, `event_param4`, `action_type`, `action_param1`, `action_param2`, `action_param3`, `action_param4`, `action_param5`, `action_param6`, `target_type`, `target_param1`, `target_param2`, `target_param3`, `target_x`, `target_y`, `target_z`, `target_o`, `comment`) VALUES (44848, 0, 4, 0, 8, 0, 100, 0, 56641, 0, 0, 0, 33, 44175, 0, 0, 0, 0, 0, 7, 0, 0, 0, 0, 0, 0, 0, 'Training Dummy - On spell hit - Credit kill');
DELETE FROM `smart_scripts` WHERE `entryorguid`=44848 AND `source_type`=0 AND `id`=6 AND `link`=0;
INSERT INTO `smart_scripts` (`entryorguid`, `source_type`, `id`, `link`, `event_type`, `event_phase_mask`, `event_chance`, `event_flags`, `event_param1`, `event_param2`, `event_param3`, `event_param4`, `action_type`, `action_param1`, `action_param2`, `action_param3`, `action_param4`, `action_param5`, `action_param6`, `target_type`, `target_param1`, `target_param2`, `target_param3`, `target_x`, `target_y`, `target_z`, `target_o`, `comment`) VALUES (44848, 0, 6, 0, 8, 0, 100, 0, 100787, 0, 0, 0, 33, 44175, 0, 0, 0, 0, 0, 7, 0, 0, 0, 0, 0, 0, 0, 'Training Dummy - On spell hit - Credit kill');
DELETE FROM `smart_scripts` WHERE `entryorguid`=44848 AND `source_type`=0 AND `id`=7 AND `link`=0;
INSERT INTO `smart_scripts` (`entryorguid`, `source_type`, `id`, `link`, `event_type`, `event_phase_mask`, `event_chance`, `event_flags`, `event_param1`, `event_param2`, `event_param3`, `event_param4`, `action_type`, `action_param1`, `action_param2`, `action_param3`, `action_param4`, `action_param5`, `action_param6`, `target_type`, `target_param1`, `target_param2`, `target_param3`, `target_x`, `target_y`, `target_z`, `target_o`, `comment`) VALUES (44848, 0, 7, 0, 6, 0, 100, 0, 0, 0, 0, 0, 70, 0, 0, 0, 0, 0, 0, 1, 0, 0, 0, 0, 0, 0, 0, 'Training Dummy - On Death - Respawn');


DELETE FROM `creature_template` WHERE `entry`=44848;
INSERT INTO `creature_template` (`entry`, `difficulty_entry_1`, `difficulty_entry_2`, `difficulty_entry_3`, `KillCredit1`, `KillCredit2`, `modelid1`, `modelid2`, `modelid3`, `modelid4`, `name`, `femaleName`, `subname`, `IconName`, `gossip_menu_id`, `minlevel`, `maxlevel`, `exp`, `exp_unk`, `faction`, `npcflag`, `speed_walk`, `speed_run`, `scale`, `rank`, `dmgschool`, `BaseAttackTime`, `RangeAttackTime`, `BaseVariance`, `RangeVariance`, `unit_class`, `unit_flags`, `unit_flags2`, `dynamicflags`, `family`, `trainer_type`, `trainer_class`, `trainer_race`, `type`, `type_flags`, `type_flags2`, `lootid`, `pickpocketloot`, `skinloot`, `resistance1`, `resistance2`, `resistance3`, `resistance4`, `resistance5`, `resistance6`, `spell1`, `spell2`, `spell3`, `spell4`, `spell5`, `spell6`, `spell7`, `spell8`, `VehicleId`, `mingold`, `maxgold`, `AIName`, `MovementType`, `InhabitType`, `HoverHeight`, `HealthModifier`, `HealthModifierExtra`, `ManaModifier`, `ManaModifierExtra`, `ArmorModifier`, `DamageModifier`, `ExperienceModifier`, `RacialLeader`, `movementId`, `RegenHealth`, `mechanic_immune_mask`, `flags_extra`, `ScriptName`, `VerifiedBuild`) VALUES (44848, 0, 0, 0, 0, 0, 3019, 0, 0, 0, 'Training Dummy', '', '', '', 0, 3, 3, 0, 0, 7, 0, 1, 1, 1, 0, 0, 2000, 2000, 1, 1, 1, 131072, 32, 0, 0, 0, 0, 0, 9, 0, 0, 0, 0, 0, 0, 0, 0, 0, 0, 0, 0, 0, 0, 0, 0, 0, 0, 0, 0, 0, 0, 'SmartAI', 0, 3, 1, 2, 1, 1, 1, 1, 1, 1, 0, 0, 1, 32, 262144, '', 20779);

DELETE FROM `smart_scripts` WHERE `entryorguid`=38038 AND `source_type`=0 AND `id`=5 AND `link`=0;
INSERT INTO `smart_scripts` (`entryorguid`, `source_type`, `id`, `link`, `event_type`, `event_phase_mask`, `event_chance`, `event_flags`, `event_param1`, `event_param2`, `event_param3`, `event_param4`, `action_type`, `action_param1`, `action_param2`, `action_param3`, `action_param4`, `action_param5`, `action_param6`, `target_type`, `target_param1`, `target_param2`, `target_param3`, `target_x`, `target_y`, `target_z`, `target_o`, `comment`) VALUES (38038, 0, 5, 0, 8, 0, 100, 0, 589, 0, 0, 0, 33, 44175, 0, 0, 0, 0, 0, 7, 0, 0, 0, 0, 0, 0, 0, 'Training Dummy - On spell hit - Credit kill');
DELETE FROM `smart_scripts` WHERE `entryorguid`=38038 AND `source_type`=0 AND `id`=0 AND `link`=0;
INSERT INTO `smart_scripts` (`entryorguid`, `source_type`, `id`, `link`, `event_type`, `event_phase_mask`, `event_chance`, `event_flags`, `event_param1`, `event_param2`, `event_param3`, `event_param4`, `action_type`, `action_param1`, `action_param2`, `action_param3`, `action_param4`, `action_param5`, `action_param6`, `target_type`, `target_param1`, `target_param2`, `target_param3`, `target_x`, `target_y`, `target_z`, `target_o`, `comment`) VALUES (38038, 0, 0, 0, 8, 0, 100, 0, 122, 0, 0, 0, 33, 44175, 0, 0, 0, 0, 0, 7, 0, 0, 0, 0, 0, 0, 0, 'Training Dummy - On spell hit - Credit kill');
DELETE FROM `smart_scripts` WHERE `entryorguid`=38038 AND `source_type`=0 AND `id`=1 AND `link`=0;
INSERT INTO `smart_scripts` (`entryorguid`, `source_type`, `id`, `link`, `event_type`, `event_phase_mask`, `event_chance`, `event_flags`, `event_param1`, `event_param2`, `event_param3`, `event_param4`, `action_type`, `action_param1`, `action_param2`, `action_param3`, `action_param4`, `action_param5`, `action_param6`, `target_type`, `target_param1`, `target_param2`, `target_param3`, `target_x`, `target_y`, `target_z`, `target_o`, `comment`) VALUES (38038, 0, 1, 0, 8, 0, 100, 0, 100, 0, 0, 0, 33, 44175, 0, 0, 0, 0, 0, 7, 0, 0, 0, 0, 0, 0, 0, 'Training Dummy - On spell hit - Credit kill');
DELETE FROM `smart_scripts` WHERE `entryorguid`=38038 AND `source_type`=0 AND `id`=2 AND `link`=0;
INSERT INTO `smart_scripts` (`entryorguid`, `source_type`, `id`, `link`, `event_type`, `event_phase_mask`, `event_chance`, `event_flags`, `event_param1`, `event_param2`, `event_param3`, `event_param4`, `action_type`, `action_param1`, `action_param2`, `action_param3`, `action_param4`, `action_param5`, `action_param6`, `target_type`, `target_param1`, `target_param2`, `target_param3`, `target_x`, `target_y`, `target_z`, `target_o`, `comment`) VALUES (38038, 0, 2, 0, 8, 0, 100, 0, 2098, 0, 0, 0, 33, 44175, 0, 0, 0, 0, 0, 7, 0, 0, 0, 0, 0, 0, 0, 'Training Dummy - On spell hit - Credit kill');
DELETE FROM `smart_scripts` WHERE `entryorguid`=38038 AND `source_type`=0 AND `id`=3 AND `link`=0;
INSERT INTO `smart_scripts` (`entryorguid`, `source_type`, `id`, `link`, `event_type`, `event_phase_mask`, `event_chance`, `event_flags`, `event_param1`, `event_param2`, `event_param3`, `event_param4`, `action_type`, `action_param1`, `action_param2`, `action_param3`, `action_param4`, `action_param5`, `action_param6`, `target_type`, `target_param1`, `target_param2`, `target_param3`, `target_x`, `target_y`, `target_z`, `target_o`, `comment`) VALUES (38038, 0, 3, 0, 8, 0, 100, 0, 172, 0, 0, 0, 33, 44175, 0, 0, 0, 0, 0, 7, 0, 0, 0, 0, 0, 0, 0, 'Training Dummy - On spell hit - Credit kill');
DELETE FROM `smart_scripts` WHERE `entryorguid`=38038 AND `source_type`=0 AND `id`=4 AND `link`=0;
INSERT INTO `smart_scripts` (`entryorguid`, `source_type`, `id`, `link`, `event_type`, `event_phase_mask`, `event_chance`, `event_flags`, `event_param1`, `event_param2`, `event_param3`, `event_param4`, `action_type`, `action_param1`, `action_param2`, `action_param3`, `action_param4`, `action_param5`, `action_param6`, `target_type`, `target_param1`, `target_param2`, `target_param3`, `target_x`, `target_y`, `target_z`, `target_o`, `comment`) VALUES (38038, 0, 4, 0, 8, 0, 100, 0, 56641, 0, 0, 0, 33, 44175, 0, 0, 0, 0, 0, 7, 0, 0, 0, 0, 0, 0, 0, 'Training Dummy - On spell hit - Credit kill');
DELETE FROM `smart_scripts` WHERE `entryorguid`=38038 AND `source_type`=0 AND `id`=6 AND `link`=0;
INSERT INTO `smart_scripts` (`entryorguid`, `source_type`, `id`, `link`, `event_type`, `event_phase_mask`, `event_chance`, `event_flags`, `event_param1`, `event_param2`, `event_param3`, `event_param4`, `action_type`, `action_param1`, `action_param2`, `action_param3`, `action_param4`, `action_param5`, `action_param6`, `target_type`, `target_param1`, `target_param2`, `target_param3`, `target_x`, `target_y`, `target_z`, `target_o`, `comment`) VALUES (38038, 0, 6, 0, 8, 0, 100, 0, 100787, 0, 0, 0, 33, 44175, 0, 0, 0, 0, 0, 7, 0, 0, 0, 0, 0, 0, 0, 'Training Dummy - On spell hit - Credit kill');
DELETE FROM `smart_scripts` WHERE `entryorguid`=38038 AND `source_type`=0 AND `id`=7 AND `link`=0;
INSERT INTO `smart_scripts` (`entryorguid`, `source_type`, `id`, `link`, `event_type`, `event_phase_mask`, `event_chance`, `event_flags`, `event_param1`, `event_param2`, `event_param3`, `event_param4`, `action_type`, `action_param1`, `action_param2`, `action_param3`, `action_param4`, `action_param5`, `action_param6`, `target_type`, `target_param1`, `target_param2`, `target_param3`, `target_x`, `target_y`, `target_z`, `target_o`, `comment`) VALUES (38038, 0, 7, 0, 6, 0, 100, 0, 0, 0, 0, 0, 70, 0, 0, 0, 0, 0, 0, 1, 0, 0, 0, 0, 0, 0, 0, 'Training Dummy - On Death - Respawn');


DELETE FROM `creature_template` WHERE `entry`=38038;
INSERT INTO `creature_template` (`entry`, `difficulty_entry_1`, `difficulty_entry_2`, `difficulty_entry_3`, `KillCredit1`, `KillCredit2`, `modelid1`, `modelid2`, `modelid3`, `modelid4`, `name`, `femaleName`, `subname`, `IconName`, `gossip_menu_id`, `minlevel`, `maxlevel`, `exp`, `exp_unk`, `faction`, `npcflag`, `speed_walk`, `speed_run`, `scale`, `rank`, `dmgschool`, `BaseAttackTime`, `RangeAttackTime`, `BaseVariance`, `RangeVariance`, `unit_class`, `unit_flags`, `unit_flags2`, `dynamicflags`, `family`, `trainer_type`, `trainer_class`, `trainer_race`, `type`, `type_flags`, `type_flags2`, `lootid`, `pickpocketloot`, `skinloot`, `resistance1`, `resistance2`, `resistance3`, `resistance4`, `resistance5`, `resistance6`, `spell1`, `spell2`, `spell3`, `spell4`, `spell5`, `spell6`, `spell7`, `spell8`, `VehicleId`, `mingold`, `maxgold`, `AIName`, `MovementType`, `InhabitType`, `HoverHeight`, `HealthModifier`, `HealthModifierExtra`, `ManaModifier`, `ManaModifierExtra`, `ArmorModifier`, `DamageModifier`, `ExperienceModifier`, `RacialLeader`, `movementId`, `RegenHealth`, `mechanic_immune_mask`, `flags_extra`, `ScriptName`, `VerifiedBuild`) VALUES (38038, 0, 0, 0, 0, 0, 3019, 0, 0, 0, 'Training Dummy', '', '', '', 0, 3, 3, 0, 0, 7, 0, 1, 1, 1, 0, 0, 2000, 2000, 1, 1, 1, 131072, 32, 0, 0, 0, 0, 0, 9, 0, 0, 0, 0, 0, 0, 0, 0, 0, 0, 0, 0, 0, 0, 0, 0, 0, 0, 0, 0, 0, 0, 'SmartAI', 0, 3, 1, 2, 1, 1, 1, 1, 1, 1, 0, 0, 1, 32, 262144, '', 20779);

DELETE FROM `creature` WHERE `guid`=305642;
DELETE FROM `creature` WHERE `guid`=305641;
DELETE FROM `creature` WHERE `guid`=305645;
DELETE FROM `creature` WHERE `guid`=305639;
DELETE FROM `creature` WHERE `guid`=305636;
DELETE FROM `creature` WHERE `guid`=305637;
DELETE FROM `creature` WHERE `guid`=305640;
DELETE FROM `creature` WHERE `guid`=305638;
DELETE FROM `creature` WHERE `guid`=305567;
DELETE FROM `creature` WHERE `guid`=305646;
DELETE FROM `creature` WHERE `guid`=305648;
DELETE FROM `creature` WHERE `guid`=305647;
DELETE FROM `creature` WHERE `guid`=305644;

DELETE FROM `quest_template` WHERE `ID`=27635;
INSERT INTO `quest_template` (`ID`, `QuestType`, `QuestLevel`, `QuestPackageID`, `MinLevel`, `QuestSortID`, `QuestInfoID`, `SuggestedGroupNum`, `RewardNextQuest`, `RewardXPDifficulty`, `RewardXPMultiplier`, `RewardMoney`, `RewardMoneyDifficulty`, `RewardMoneyMultiplier`, `RewardBonusMoney`, `RewardDisplaySpell`, `RewardSpell`, `RewardHonor`, `RewardKillHonor`, `StartItem`, `Flags`, `FlagsEx`, `RewardItem1`, `RewardAmount1`, `RewardItem2`, `RewardAmount2`, `RewardItem3`, `RewardAmount3`, `RewardItem4`, `RewardAmount4`, `ItemDrop1`, `ItemDropQuantity1`, `ItemDrop2`, `ItemDropQuantity2`, `ItemDrop3`, `ItemDropQuantity3`, `ItemDrop4`, `ItemDropQuantity4`, `RewardChoiceItemID1`, `RewardChoiceItemQuantity1`, `RewardChoiceItemDisplayID1`, `RewardChoiceItemID2`, `RewardChoiceItemQuantity2`, `RewardChoiceItemDisplayID2`, `RewardChoiceItemID3`, `RewardChoiceItemQuantity3`, `RewardChoiceItemDisplayID3`, `RewardChoiceItemID4`, `RewardChoiceItemQuantity4`, `RewardChoiceItemDisplayID4`, `RewardChoiceItemID5`, `RewardChoiceItemQuantity5`, `RewardChoiceItemDisplayID5`, `RewardChoiceItemID6`, `RewardChoiceItemQuantity6`, `RewardChoiceItemDisplayID6`, `POIContinent`, `POIx`, `POIy`, `POIPriority`, `RewardTitle`, `RewardTalents`, `RewardArenaPoints`, `RewardSkillLineID`, `RewardNumSkillUps`, `PortraitGiver`, `PortraitTurnIn`, `RewardFactionID1`, `RewardFactionValue1`, `RewardFactionOverride1`, `RewardFactionID2`, `RewardFactionValue2`, `RewardFactionOverride2`, `RewardFactionID3`, `RewardFactionValue3`, `RewardFactionOverride3`, `RewardFactionID4`, `RewardFactionValue4`, `RewardFactionOverride4`, `RewardFactionID5`, `RewardFactionValue5`, `RewardFactionOverride5`, `RewardFactionFlags`, `RewardCurrencyID1`, `RewardCurrencyQty1`, `RewardCurrencyID2`, `RewardCurrencyQty2`, `RewardCurrencyID3`, `RewardCurrencyQty3`, `RewardCurrencyID4`, `RewardCurrencyQty4`, `AcceptedSoundKitID`, `CompleteSoundKitID`, `AreaGroupID`, `TimeAllowed`, `AllowableRaces`, `LogTitle`, `LogDescription`, `QuestDescription`, `AreaDescription`, `PortraitGiverText`, `PortraitGiverName`, `PortraitTurnInText`, `PortraitTurnInName`, `QuestCompletionLog`, `VerifiedBuild`) VALUES (27635, 0, 2, 0, 1, 1, 0, 0, 27674, 4, 1, 25, 4, 1, 0, 0, 0, 0, 0, 0, 16777224, 0, 0, 0, 0, 0, 0, 0, 0, 0, 0, 0, 0, 0, 0, 0, 0, 0, 0, 0, 0, 0, 0, 0, 0, 0, 0, 0, 0, 0, 0, 0, 0, 0, 0, 0, 0, 0, 0, 0, 0, 0, 0, 0, 0, 0, 0, 54, 4, 0, 0, 0, 0, 0, 0, 0, 0, 0, 0, 0, 0, 0, 0, 0, 0, 0, 0, 0, 0, 0, 0, 890, 878, 0, 0, 64, 'Decontamination', 'Board the Sanitron 500 to begin the decontamination process.', 'You\'ve been down here in Gnomeregan for a long time, $n, and it\'s amazing that you\'ve survived and kept your wits so long! We need to get you out.$B$BBefore we can send you to the surface to join the rest of the gnomes, you have to go through the decontamination process. Just head into the next room and board the Sanitron 500. It will do the rest! It shouldn\'t even hurt... much.$B$BWhen you\'re all done, check in with Technician Braggle and he\'ll make sure you get some suitable gear.', 'Complete Decontamination Process', '', '', '', '', 'Speak to Technician Braggle.', 20444);

DELETE FROM `quest_template_addon` WHERE `ID`=28167;
INSERT INTO `quest_template_addon` (`ID`, `MaxLevel`, `AllowableClasses`, `SourceSpellID`, `PrevQuestID`, `NextQuestID`, `ExclusiveGroup`, `RewardMailTemplateID`, `RewardMailDelay`, `RequiredSkillID`, `RequiredSkillPoints`, `RequiredMinRepFaction`, `RequiredMaxRepFaction`, `RequiredMinRepValue`, `RequiredMaxRepValue`, `ProvidedItemCount`, `SpecialFlags`) VALUES (28167, 0, 0, 0, 27670, 0, 0, 0, 0, 0, 0, 0, 0, 0, 0, 0, 0);

DELETE FROM `quest_template_addon` WHERE `ID`=27635;
INSERT INTO `quest_template_addon` (`ID`, `MaxLevel`, `AllowableClasses`, `SourceSpellID`, `PrevQuestID`, `NextQuestID`, `ExclusiveGroup`, `RewardMailTemplateID`, `RewardMailDelay`, `RequiredSkillID`, `RequiredSkillPoints`, `RequiredMinRepFaction`, `RequiredMaxRepFaction`, `RequiredMinRepValue`, `RequiredMaxRepValue`, `ProvidedItemCount`, `SpecialFlags`) VALUES (27635, 0, 0, 0, 28169, 0, 0, 0, 0, 0, 0, 0, 0, 0, 0, 0, 2);

DELETE FROM `quest_template_addon` WHERE `ID`=26200;
INSERT INTO `quest_template_addon` (`ID`, `MaxLevel`, `AllowableClasses`, `SourceSpellID`, `PrevQuestID`, `NextQuestID`, `ExclusiveGroup`, `RewardMailTemplateID`, `RewardMailDelay`, `RequiredSkillID`, `RequiredSkillPoints`, `RequiredMinRepFaction`, `RequiredMaxRepFaction`, `RequiredMinRepValue`, `RequiredMaxRepValue`, `ProvidedItemCount`, `SpecialFlags`) VALUES (26200, 0, 16, 0, 26199, 0, 0, 0, 0, 0, 0, 0, 0, 0, 0, 0, 0);


