DELETE FROM `creature_text` WHERE `entry`=88531 AND `groupid`=0 AND `id`=0;
INSERT INTO `creature_text` (`entry`, `groupid`, `id`, `text`, `type`, `language`, `probability`, `emote`, `duration`, `sound`, `comment`) VALUES (88531, 0, 0, 'We got reports from da field, mon!', 12, 0, 100, 1, 0, 0, '');
DELETE FROM `creature_text` WHERE `entry`=88531 AND `groupid`=1 AND `id`=0;
INSERT INTO `creature_text` (`entry`, `groupid`, `id`, `text`, `type`, `language`, `probability`, `emote`, `duration`, `sound`, `comment`) VALUES (88531, 1, 0, 'Right away, boss!', 12, 0, 100, 1, 0, 0, '');
DELETE FROM `creature_text` WHERE `entry`=88531 AND `groupid`=2 AND `id`=0;
INSERT INTO `creature_text` (`entry`, `groupid`, `id`, `text`, `type`, `language`, `probability`, `emote`, `duration`, `sound`, `comment`) VALUES (88531, 2, 0, 'Da elf, Belloc, been sayin\' dat he be needin more men ta find da big artifact.', 12, 0, 100, 1, 0, 0, '');
DELETE FROM `creature_text` WHERE `entry`=88531 AND `groupid`=3 AND `id`=0;
INSERT INTO `creature_text` (`entry`, `groupid`, `id`, `text`, `type`, `language`, `probability`, `emote`, `duration`, `sound`, `comment`) VALUES (88531, 3, 0, 'Boss, our scouts are sayin\' dat da Alliance is empowerin\' a giant ancient ta send into battle!', 12, 0, 100, 1, 0, 0, '');
DELETE FROM `creature_text` WHERE `entry`=88531 AND `groupid`=4 AND `id`=0;
INSERT INTO `creature_text` (`entry`, `groupid`, `id`, `text`, `type`, `language`, `probability`, `emote`, `duration`, `sound`, `comment`) VALUES (88531, 4, 0, 'We be gettin some strange reports from out scouts over by da big ogre mine.', 12, 0, 100, 1, 0, 0, '');
DELETE FROM `creature_text` WHERE `entry`=88531 AND `groupid`=5 AND `id`=0;
INSERT INTO `creature_text` (`entry`, `groupid`, `id`, `text`, `type`, `language`, `probability`, `emote`, `duration`, `sound`, `comment`) VALUES (88531, 5, 0, 'Dey say dere be a giant creature in the mine dat\'s been makin\' short work of any grunts dat look at it twice.', 12, 0, 100, 1, 0, 0, '');
DELETE FROM `creature_text` WHERE `entry`=88531 AND `groupid`=6 AND `id`=0;
INSERT INTO `creature_text` (`entry`, `groupid`, `id`, `text`, `type`, `language`, `probability`, `emote`, `duration`, `sound`, `comment`) VALUES (88531, 6, 0, 'Our reports be statin\' dat dere is a group of hostile arakkoa outcasts jus\' outside da outpost.', 12, 0, 100, 1, 0, 0, '');
DELETE FROM `creature_text` WHERE `entry`=86040 AND `groupid`=0 AND `id`=0;
INSERT INTO `creature_text` (`entry`, `groupid`, `id`, `text`, `type`, `language`, `probability`, `emote`, `duration`, `sound`, `comment`) VALUES (86040, 0, 0, 'Dat Belloc bein\' lucky dat I haven\'t lost my patience with him! I don\'t jave soldia\'s layin around ta be diggin\' up relics!', 12, 0, 100, 1, 0, 0, '');
DELETE FROM `creature_text` WHERE `entry`=86040 AND `groupid`=1 AND `id`=0;
INSERT INTO `creature_text` (`entry`, `groupid`, `id`, `text`, `type`, `language`, `probability`, `emote`, `duration`, `sound`, `comment`) VALUES (86040, 1, 0, 'You tell da elf that he get whateva\' volunteers he get. And he better be hurryin\' up before I get tired a\' lookin at him!', 12, 0, 100, 1, 0, 0, '');
DELETE FROM `creature_text` WHERE `entry`=86040 AND `groupid`=2 AND `id`=0;
INSERT INTO `creature_text` (`entry`, `groupid`, `id`, `text`, `type`, `language`, `probability`, `emote`, `duration`, `sound`, `comment`) VALUES (86040, 2, 0, 'You did good bringin\' me dis report. Now, be returnin\' to da field.', 12, 0, 100, 1, 0, 0, '');
DELETE FROM `creature_text` WHERE `entry`=86040 AND `groupid`=3 AND `id`=0;
INSERT INTO `creature_text` (`entry`, `groupid`, `id`, `text`, `type`, `language`, `probability`, `emote`, `duration`, `sound`, `comment`) VALUES (86040, 3, 0, 'Hah! If dey think they can scare da Horde with a big tree, den we be havin\' a surprise for dem!', 12, 0, 100, 1, 0, 0, '');
DELETE FROM `creature_text` WHERE `entry`=86040 AND `groupid`=4 AND `id`=0;
INSERT INTO `creature_text` (`entry`, `groupid`, `id`, `text`, `type`, `language`, `probability`, `emote`, `duration`, `sound`, `comment`) VALUES (86040, 4, 0, 'We\'ll be seein how dey feel when da earth below dem comes ta fight at our side!', 12, 0, 100, 1, 0, 0, '');
DELETE FROM `creature_text` WHERE `entry`=86040 AND `groupid`=5 AND `id`=0;
INSERT INTO `creature_text` (`entry`, `groupid`, `id`, `text`, `type`, `language`, `probability`, `emote`, `duration`, `sound`, `comment`) VALUES (86040, 5, 0, 'You did good bringin\' me dis report. Now, be returnin\' to da field.', 12, 0, 100, 1, 0, 0, '');
DELETE FROM `creature_text` WHERE `entry`=86040 AND `groupid`=6 AND `id`=0;
INSERT INTO `creature_text` (`entry`, `groupid`, `id`, `text`, `type`, `language`, `probability`, `emote`, `duration`, `sound`, `comment`) VALUES (86040, 6, 0, 'Da grunts be tough, it\'s true, but dey don\'t have da smarts to take on such a monsta. I\'ll send da Shadow Huntas in, and we\'ll see how tough dis thing is.', 12, 0, 100, 1, 0, 0, '');
DELETE FROM `creature_text` WHERE `entry`=86040 AND `groupid`=7 AND `id`=0;
INSERT INTO `creature_text` (`entry`, `groupid`, `id`, `text`, `type`, `language`, `probability`, `emote`, `duration`, `sound`, `comment`) VALUES (86040, 7, 0, 'You did good bringin\' me dis report. Now, be returnin\' to da field.', 12, 0, 100, 1, 0, 0, '');
DELETE FROM `creature_text` WHERE `entry`=86040 AND `groupid`=8 AND `id`=0;
INSERT INTO `creature_text` (`entry`, `groupid`, `id`, `text`, `type`, `language`, `probability`, `emote`, `duration`, `sound`, `comment`) VALUES (86040, 8, 0, 'Arakkoa outcasts, ya say? Here I thought we be allies with dem.', 12, 0, 100, 1, 0, 0, '');
DELETE FROM `creature_text` WHERE `entry`=86040 AND `groupid`=9 AND `id`=0;
INSERT INTO `creature_text` (`entry`, `groupid`, `id`, `text`, `type`, `language`, `probability`, `emote`, `duration`, `sound`, `comment`) VALUES (86040, 9, 0, 'I\'ll be needin\' to have some words with our friends from the Ravenspeakers to figure out da true nature of dese arakkoa.', 12, 0, 100, 1, 0, 0, '');
DELETE FROM `creature_text` WHERE `entry`=86040 AND `groupid`=10 AND `id`=0;
INSERT INTO `creature_text` (`entry`, `groupid`, `id`, `text`, `type`, `language`, `probability`, `emote`, `duration`, `sound`, `comment`) VALUES (86040, 10, 0, 'You did good bringin\' me dis report. Now, be returnin\' to da field.', 12, 0, 100, 1, 0, 0, '');
DELETE FROM `creature_template` WHERE `entry`=86040;
INSERT INTO `creature_template` (`entry`, `modelid1`, `modelid2`, `name`, `femaleName`, `subname`, `IconName`, `gossip_menu_id`, `minlevel`, `maxlevel`, `exp`, `exp_req`, `faction`, `npcflag`, `npcflag2`, `speed_walk`, `speed_run`, `speed_fly`, `scale`, `rank`, `dmgschool`, `dmg_multiplier`, `baseattacktime`, `rangeattacktime`, `baseVariance`, `rangeVariance`, `unit_class`, `unit_flags`, `unit_flags2`, `unit_flags3`, `dynamicflags`, `WorldEffectID`, `family`, `trainer_type`, `trainer_spell`, `trainer_class`, `trainer_race`, `type`, `type_flags`, `type_flags2`, `lootid`, `pickpocketloot`, `skinloot`, `resistance1`, `resistance2`, `resistance3`, `resistance4`, `resistance5`, `resistance6`, `spell1`, `spell2`, `spell3`, `spell4`, `spell5`, `spell6`, `spell7`, `spell8`, `PetSpellDataId`, `VehicleId`, `mingold`, `maxgold`, `AIName`, `MovementType`, `InhabitType`, `HoverHeight`, `Health_mod`, `Mana_mod`, `Mana_mod_extra`, `Armor_mod`, `RacialLeader`, `questItem1`, `questItem2`, `questItem3`, `questItem4`, `questItem5`, `questItem6`, `movementId`, `TrackingQuestID`, `VignetteID`, `RegenHealth`, `equipment_id`, `mechanic_immune_mask`, `flags_extra`, `ScriptName`, `BuildVerified`) VALUES (86040, 59312, 0, 'Shadow Hunter Gar\'ant', '', '', '', 0, 100, 100, 5, 0, 876, 4225, 0, 1, 1.14286, 1.14286, 1, 0, 0, 1, 2000, 2000, 1, 1, 1, 0, 0, 0, 0, 0, 0, 0, 0, 0, 0, 7, 0, 0, 0, 0, 0, 0, 0, 0, 0, 0, 0, 40505, 0, 0, 0, 0, 0, 0, 0, 0, 0, 0, 0, '', 0, 3, 1, 15, 1, 1, 1, 0, 0, 0, 0, 0, 0, 0, 0, 0, 0, 1, 0, 0, 0, 'npc_ashran_shadowhunter_garant', 19085);
DELETE FROM `creature_template` WHERE `entry`=88531;
INSERT INTO `creature_template` (`entry`, `modelid1`, `modelid2`, `name`, `femaleName`, `subname`, `IconName`, `gossip_menu_id`, `minlevel`, `maxlevel`, `exp`, `exp_req`, `faction`, `npcflag`, `npcflag2`, `speed_walk`, `speed_run`, `speed_fly`, `scale`, `rank`, `dmgschool`, `dmg_multiplier`, `baseattacktime`, `rangeattacktime`, `baseVariance`, `rangeVariance`, `unit_class`, `unit_flags`, `unit_flags2`, `unit_flags3`, `dynamicflags`, `WorldEffectID`, `family`, `trainer_type`, `trainer_spell`, `trainer_class`, `trainer_race`, `type`, `type_flags`, `type_flags2`, `lootid`, `pickpocketloot`, `skinloot`, `resistance1`, `resistance2`, `resistance3`, `resistance4`, `resistance5`, `resistance6`, `spell1`, `spell2`, `spell3`, `spell4`, `spell5`, `spell6`, `spell7`, `spell8`, `PetSpellDataId`, `VehicleId`, `mingold`, `maxgold`, `AIName`, `MovementType`, `InhabitType`, `HoverHeight`, `Health_mod`, `Mana_mod`, `Mana_mod_extra`, `Armor_mod`, `RacialLeader`, `questItem1`, `questItem2`, `questItem3`, `questItem4`, `questItem5`, `questItem6`, `movementId`, `TrackingQuestID`, `VignetteID`, `RegenHealth`, `equipment_id`, `mechanic_immune_mask`, `flags_extra`, `ScriptName`, `BuildVerified`) VALUES (88531, 60950, 0, 'Warspear Scout', '', '', '', 0, 100, 100, 5, 0, 876, 0, 0, 1, 1.14286, 1.14286, 1, 0, 0, 1, 2000, 2000, 1, 1, 1, 0, 0, 0, 0, 0, 0, 0, 0, 0, 0, 7, 0, 0, 0, 0, 0, 0, 0, 0, 0, 0, 0, 0, 0, 0, 0, 0, 0, 0, 0, 0, 0, 0, 0, '', 0, 3, 1, 1, 1, 1, 1, 0, 0, 0, 0, 0, 0, 0, 0, 0, 0, 1, 0, 0, 0, 'npc_ashran_warspear_scout', 19085);
DELETE FROM `creature_addon` WHERE `guid`=10180290;
INSERT INTO `creature_addon` (`guid`, `path_id`, `mount`, `bytes1`, `bytes2`, `emote`, `auras`, `animkit`) VALUES (10180290, 0, 0, 0, 0, 0, NULL, 0);
DELETE FROM `creature_addon` WHERE `guid`=10180297;
INSERT INTO `creature_addon` (`guid`, `path_id`, `mount`, `bytes1`, `bytes2`, `emote`, `auras`, `animkit`) VALUES (10180297, 0, 0, 0, 0, 0, NULL, 0);
